variation_id,protein_change,position,wt_aa,mut_aa,P_pathogenic,predicted_class,mean_ddg,is_hotspot,specific_ddg,blosum62_score,min_dist_dna
376578,Cys242Phe,242,C,F,0.9831252236659273,Likely pathogenic,11.558344444444446,1.0,26.4993,-2,8.708
161516,Gly266Glu,266,G,E,0.9798739341881753,Likely pathogenic,14.68995,1.0,15.2186,-2,32.636
141114,Gly105Asp,105,G,D,0.9762265978483134,Likely pathogenic,9.40466842105263,1.0,8.0397,-1,35.665
182935,Cys238Tyr,238,C,Y,0.9757874973112495,Likely pathogenic,14.6421,1.0,33.1103,-2,15.295
140801,Cys141Tyr,141,C,Y,0.9752264545755973,Likely pathogenic,4.1701578947368425,1.0,9.8175,-2,18.214
458566,Gly266Arg,266,G,R,0.9743224378337579,Likely pathogenic,14.68995,1.0,16.9361,-2,32.636
141762,Cys135Tyr,135,C,Y,0.9739494856293609,Likely pathogenic,3.144366666666667,1.0,10.0658,-2,14.158
376667,Thr125Arg,125,T,R,0.9726945416599109,Likely pathogenic,6.349961111111111,1.0,9.2457,-1,11.27
376581,Cys242Gly,242,C,G,0.971941444229405,Likely pathogenic,11.558344444444446,1.0,6.2773,-3,8.708
219759,Tyr234Asp,234,Y,D,0.9718960533130087,Likely pathogenic,3.4180055555555557,1.0,5.7541,-3,21.065
2417541,Phe109Asn,109,F,N,0.9715156346168733,Likely pathogenic,5.62951052631579,1.0,6.3152,-3,31.797
2124706,Cys242Ser,242,C,S,0.9707353872868708,Likely pathogenic,11.558344444444446,1.0,6.0031,-1,8.708
265333,Tyr126Asp,126,Y,D,0.9693463048315648,Likely pathogenic,3.3956388888888887,1.0,5.2415,-3,15.076
376675,Val274Asp,274,V,D,0.9686394531384163,Likely pathogenic,5.764326315789473,1.0,4.1707,-3,13.946
233303,Gly266Val,266,G,V,0.9681788066110765,Likely pathogenic,14.68995,1.0,12.2178,-3,32.636
406574,Gly105Arg,105,G,R,0.9681167847646294,Likely pathogenic,9.40466842105263,1.0,7.8578,-2,35.665
376686,Tyr205Asp,205,Y,D,0.9679029584148374,Likely pathogenic,3.70285,1.0,6.191,-3,27.936
850008,Ile232Asn,232,I,N,0.9677984266412664,Likely pathogenic,2.4475666666666664,1.0,2.8158,-3,24.101
634690,Phe113Cys,113,F,C,0.9674182602654984,Likely pathogenic,4.093977777777777,1.0,4.3755,-2,19.882
142183,Tyr236Asp,236,Y,D,0.9673814008917443,Likely pathogenic,4.516094736842105,1.0,6.2175,-3,19.737
